return_id,order_id,return_date,return_reason,refund_amount,refund_status
RET_00001,ORD_001574,2026-01-04,Size Issue,1505.5,Pending
RET_00002,ORD_005542,2025-12-27,Changed Mind,765.95,Processed
RET_00003,ORD_004313,2025-12-21,Changed Mind,1226.97,Processed
RET_00004,ORD_006112,2025-11-08,Quality Issue,1239.76,Processed
RET_00005,ORD_000546,2025-12-07,Quality Issue,203.57,Pending
RET_00006,ORD_005796,2025-12-06,Size Issue,596.62,Processed
RET_00007,ORD_006281,2025-12-11,Wrong Item,511.51,Processed
RET_00008,ORD_001300,2026-01-17,Changed Mind,429.95,Processed
RET_00009,ORD_006871,2025-10-27,Defective,977.5,Processed
RET_00010,ORD_001427,2025-12-30,Quality Issue,291.34,Processed
RET_00011,ORD_007383,2025-12-29,Quality Issue,1675.46,Processed
RET_00012,ORD_000233,2026-01-04,Quality Issue,156.67,Processed
RET_00013,ORD_001664,2025-12-17,,273.47,Processed
RET_00014,ORD_002018,2025-10-16,Defective,890.94,Pending
RET_00015,ORD_004813,2025-10-24,Size Issue,434.26,Processed
RET_00016,ORD_002889,2025-11-18,Size Issue,702.78,Pending
RET_00017,ORD_000332,2026-01-08,Wrong Item,79.61,Processed
RET_00018,ORD_006004,2025-12-17,Changed Mind,1620.59,Pending
RET_00019,ORD_007611,2025-11-09,Defective,155.76,Processed
RET_00020,ORD_005561,2025-11-24,Size Issue,587.46,Processed
RET_00021,ORD_004354,2025-11-30,Size Issue,225.51,Processed
RET_00022,ORD_002569,2025-12-27,Quality Issue,1529.45,Pending
RET_00023,ORD_000543,2025-10-30,Defective,370.4,Pending
RET_00024,ORD_002545,2025-12-23,Defective,385.43,Pending
RET_00025,ORD_004119,2025-11-12,Wrong Item,177.68,Rejected
RET_00026,ORD_000903,2025-12-23,Wrong Item,197.03,Pending
RET_00027,ORD_001896,2025-12-06,Quality Issue,545.2,Pending
RET_00028,ORD_003541,2025-10-23,Size Issue,1616.09,Processed
RET_00029,ORD_007424,2025-12-11,Wrong Item,388.94,Processed
RET_00030,ORD_001701,2026-01-06,Size Issue,175.76,Rejected
RET_00031,ORD_007959,2025-10-17,Size Issue,334.5,Processed
RET_00032,ORD_000321,2025-11-06,Defective,1774.21,Processed
RET_00033,ORD_005644,2025-10-26,Size Issue,204.83,Processed
RET_00034,ORD_004996,2025-10-27,Wrong Item,875.7,Processed
RET_00035,ORD_002737,2026-01-09,Defective,1656.65,Processed
RET_00036,ORD_000679,2026-01-09,Size Issue,1004.16,Processed
RET_00037,ORD_002025,2025-11-29,Wrong Item,272.73,Processed
RET_00038,ORD_007371,2025-12-16,Changed Mind,1144.47,Processed
RET_00039,ORD_001806,2025-12-21,Defective,597.05,Processed
RET_00040,ORD_000963,2025-12-28,Wrong Item,138.86,Processed
RET_00041,ORD_000728,2025-10-23,Changed Mind,1391.71,Processed
RET_00042,ORD_003296,2025-12-08,Wrong Item,108.68,Rejected
RET_00043,ORD_000604,2025-10-28,Wrong Item,274.73,Processed
RET_00044,ORD_001396,2025-12-07,Wrong Item,51.1,Processed
RET_00045,ORD_006637,2025-10-20,Changed Mind,467.17,Pending
RET_00046,ORD_003122,2025-11-26,Defective,149.82,Rejected
RET_00047,ORD_003530,2025-11-03,Quality Issue,773.28,Pending
RET_00048,ORD_005058,2025-12-11,Quality Issue,257.62,Pending
RET_00049,ORD_006708,2025-11-04,Wrong Item,712.23,Pending
RET_00050,ORD_003847,2025-12-01,Defective,429.22,Rejected
RET_00051,ORD_003535,2025-11-14,Size Issue,148.49,Processed
RET_00052,ORD_000151,2026-01-15,Wrong Item,449.28,Pending
RET_00053,ORD_002822,2026-01-09,Wrong Item,594.55,Pending
RET_00054,ORD_005569,2025-11-18,Wrong Item,120.24,Processed
RET_00055,ORD_006783,2025-11-01,Size Issue,519.73,Pending
RET_00056,ORD_001581,2025-12-02,Changed Mind,49.73,Rejected
RET_00057,ORD_006107,2025-10-14,Changed Mind,223.09,Processed
RET_00058,ORD_000999,2025-11-07,Defective,392.06,Rejected
RET_00059,ORD_007040,2025-12-28,Defective,248.67,Rejected
RET_00060,ORD_004319,2025-12-02,Quality Issue,231.09,Processed
RET_00061,ORD_006054,2026-01-09,Defective,379.94,Processed
RET_00062,ORD_001401,2025-11-23,Changed Mind,520.22,Processed
RET_00063,ORD_005577,2025-10-30,Changed Mind,628.45,Processed
RET_00064,ORD_001227,2025-12-22,Changed Mind,1195.74,Processed
RET_00065,ORD_001898,2026-01-05,Wrong Item,388.8,Processed
RET_00066,ORD_000393,2025-11-22,Changed Mind,138.9,Processed
RET_00067,ORD_003727,2026-01-02,Quality Issue,450.53,Pending
RET_00068,ORD_006498,2025-11-14,Changed Mind,1758.42,Processed
RET_00069,ORD_005699,2025-12-13,Wrong Item,552.61,Pending
RET_00070,ORD_007068,2025-11-23,Defective,507.4,Processed
RET_00071,ORD_003432,2025-11-12,Wrong Item,1340.91,Processed
RET_00072,ORD_001289,2025-10-27,Changed Mind,139.9,Processed
RET_00073,ORD_006706,2025-10-23,Wrong Item,868.36,Processed
RET_00074,ORD_001639,2025-12-25,Changed Mind,580.77,Rejected
RET_00075,ORD_003346,2026-01-14,Defective,217.9,Processed
RET_00076,ORD_006077,2025-12-18,Quality Issue,1332.02,Processed
RET_00077,ORD_000512,2025-12-01,Changed Mind,123.1,Processed
RET_00078,ORD_001530,2025-12-09,Size Issue,144.48,Pending
RET_00079,ORD_007126,2026-01-13,Size Issue,269.63,Processed
RET_00080,ORD_002813,2026-01-07,Changed Mind,236.9,Pending
RET_00081,ORD_005387,2025-12-17,Defective,159.06,Processed
RET_00082,ORD_004025,2025-10-26,Defective,121.1,Processed
RET_00083,ORD_002020,2025-10-27,Quality Issue,1246.46,Processed
RET_00084,ORD_004707,2025-12-20,Size Issue,690.57,Processed
RET_00085,ORD_002695,2025-11-10,Defective,264.3,Rejected
RET_00086,ORD_006184,2025-12-08,Changed Mind,438.97,Pending
RET_00087,ORD_002928,2025-10-25,Size Issue,88.17,Processed
RET_00088,ORD_003931,2025-12-11,Changed Mind,443.45,Processed
RET_00089,ORD_003742,2025-11-30,Defective,570.29,Pending
RET_00090,ORD_003116,2026-01-23,Quality Issue,254.13,Processed
RET_00091,ORD_004961,2025-10-19,Quality Issue,262.92,Processed
RET_00092,ORD_004347,2025-11-13,Changed Mind,38.0,Processed
RET_00093,ORD_004705,2025-12-01,Defective,956.35,Processed
RET_00094,ORD_002266,2025-11-18,Changed Mind,164.55,Processed
RET_00095,ORD_003536,2025-11-17,Size Issue,99.61,Processed
RET_00096,ORD_006040,2025-11-21,Changed Mind,153.72,Processed
RET_00097,ORD_006603,2025-10-31,Wrong Item,388.59,Pending
RET_00098,ORD_001309,2025-11-08,Quality Issue,98.02,Processed
RET_00099,ORD_000147,2026-01-11,Quality Issue,1531.32,Processed
RET_00100,ORD_005430,2025-12-19,Quality Issue,1456.83,Processed
RET_00101,ORD_007243,2025-10-23,Defective,376.38,Processed
RET_00102,ORD_004721,2025-12-04,Wrong Item,311.54,Processed
RET_00103,ORD_005469,2025-11-08,Size Issue,775.49,Processed
RET_00104,ORD_003103,2025-11-01,Defective,310.77,Pending
RET_00105,ORD_002975,2025-12-12,Changed Mind,524.26,Processed
RET_00106,ORD_007858,2025-11-09,Changed Mind,173.61,Processed
RET_00107,ORD_002196,2025-11-29,Wrong Item,323.3,Processed
RET_00108,ORD_000148,2025-11-24,Changed Mind,167.38,Processed
RET_00109,ORD_000655,2025-11-11,Changed Mind,215.86,Processed
RET_00110,ORD_002863,2026-01-12,Defective,456.71,Processed
RET_00111,ORD_003687,2025-11-16,Quality Issue,124.38,Pending
RET_00112,ORD_001495,2025-11-25,Defective,221.56,Pending
RET_00113,ORD_000872,2025-12-25,Quality Issue,59.16,Processed
RET_00114,ORD_002333,2025-12-07,Wrong Item,376.14,Pending
RET_00115,ORD_007574,2025-12-13,Size Issue,369.76,Processed
RET_00116,ORD_005101,2026-01-02,Defective,494.35,Processed
RET_00117,ORD_007988,2025-11-12,Defective,144.07,Pending
RET_00118,ORD_005522,2026-01-06,Defective,155.69,Processed
RET_00119,ORD_006362,2025-12-27,Wrong Item,275.96,Processed
RET_00120,ORD_000696,2026-01-11,Changed Mind,71.3,Processed
RET_00121,ORD_005353,2026-01-13,Size Issue,459.81,Processed
RET_00122,ORD_000225,2025-12-15,Changed Mind,700.96,Pending
RET_00123,ORD_002057,2025-12-16,Quality Issue,371.98,Pending
RET_00124,ORD_004280,2025-11-11,Changed Mind,1729.05,Processed
RET_00125,ORD_007124,2025-11-27,Wrong Item,271.76,Processed
RET_00126,ORD_002397,2025-12-09,Quality Issue,72.78,Processed
RET_00127,ORD_002336,2026-01-12,Quality Issue,393.96,Processed
RET_00128,ORD_004950,2026-01-07,Wrong Item,395.89,Processed
RET_00129,ORD_007090,2025-12-06,Defective,638.23,Processed
RET_00130,ORD_006828,2025-12-31,Wrong Item,150.69,Processed
RET_00131,ORD_004660,2025-12-13,Wrong Item,115.7,Processed
RET_00132,ORD_003350,2025-11-13,Size Issue,360.05,Processed
RET_00133,ORD_001030,2025-11-18,Size Issue,1515.11,Rejected
RET_00134,ORD_000122,2025-12-15,Size Issue,745.15,Processed
RET_00135,ORD_000647,2025-12-12,Size Issue,139.78,Processed
RET_00136,ORD_001801,2025-11-04,Quality Issue,292.57,Processed
RET_00137,ORD_001050,2025-11-26,Size Issue,183.04,Processed
RET_00138,ORD_005162,2026-01-11,Quality Issue,1428.72,Pending
RET_00139,ORD_004105,2025-11-09,Wrong Item,182.9,Processed
RET_00140,ORD_006988,2025-12-22,Wrong Item,545.81,Processed
RET_00141,ORD_002162,2026-01-08,Quality Issue,131.05,Processed
RET_00142,ORD_002540,2025-10-15,Changed Mind,338.79,Processed
RET_00143,ORD_007923,2025-11-15,Wrong Item,127.32,Processed
RET_00144,ORD_002393,2026-01-02,Wrong Item,468.53,Processed
RET_00145,ORD_002528,2025-10-24,Quality Issue,322.2,Processed
RET_00146,ORD_006261,2026-01-18,Size Issue,364.89,Pending
RET_00147,ORD_000684,2025-10-14,Defective,295.98,Processed
RET_00148,ORD_000617,2025-12-10,Quality Issue,643.61,Processed
RET_00149,ORD_003077,2025-12-28,Changed Mind,1576.6,Processed
RET_00150,ORD_004134,2025-12-31,Defective,600.38,Processed
RET_00151,ORD_006501,2025-10-24,Defective,201.99,Processed
RET_00152,ORD_003661,2025-11-30,Quality Issue,190.4,Processed
RET_00153,ORD_001142,2025-10-24,Wrong Item,183.2,Processed
RET_00154,ORD_005907,2026-01-03,Quality Issue,779.49,Processed
RET_00155,ORD_003188,2025-12-18,Defective,1388.34,Processed
RET_00156,ORD_007088,2025-10-17,Quality Issue,247.33,Pending
RET_00157,ORD_004069,2025-10-26,Wrong Item,1292.08,Processed
RET_00158,ORD_007755,2025-10-29,Changed Mind,472.77,Processed
RET_00159,ORD_006566,2025-11-06,Wrong Item,355.16,Processed
RET_00160,ORD_007881,2025-11-01,Changed Mind,429.83,Processed
RET_00161,ORD_003834,2025-10-16,Wrong Item,177.13,Pending
RET_00162,ORD_006627,2025-11-08,Changed Mind,615.99,Processed
RET_00163,ORD_002340,2026-01-06,Defective,131.43,Processed
RET_00164,ORD_004527,2025-12-26,Size Issue,224.55,Processed
RET_00165,ORD_003887,2025-12-27,Size Issue,169.33,Processed
RET_00166,ORD_007838,2025-10-15,Wrong Item,1336.85,Processed
RET_00167,ORD_003512,2026-01-16,Quality Issue,925.63,Pending
RET_00168,ORD_007397,2026-01-15,Wrong Item,124.01,Processed
RET_00169,ORD_004492,2025-12-01,Changed Mind,447.05,Pending
RET_00170,ORD_000307,2026-01-10,Size Issue,156.39,Processed
RET_00171,ORD_002748,2026-01-10,Wrong Item,701.75,Rejected
RET_00172,ORD_002234,2025-12-08,Wrong Item,919.54,Processed
RET_00173,ORD_006848,2025-11-08,Changed Mind,1366.44,Processed
RET_00174,ORD_004238,2025-12-31,Quality Issue,1567.6,Processed
RET_00175,ORD_006679,2026-01-21,Quality Issue,1522.72,Pending
RET_00176,ORD_003089,2025-11-11,Quality Issue,451.69,Rejected
RET_00177,ORD_001721,2026-01-13,Wrong Item,628.94,Processed
RET_00178,ORD_001043,2025-12-14,Wrong Item,218.37,Processed
RET_00179,ORD_007876,2025-11-15,Changed Mind,97.9,Processed
RET_00180,ORD_006861,2025-11-22,Wrong Item,157.98,Processed
RET_00181,ORD_002834,2025-11-18,,140.05,Rejected
RET_00182,ORD_003715,2025-12-01,Changed Mind,789.25,Processed
RET_00183,ORD_002427,2025-10-26,Defective,66.87,Processed
RET_00184,ORD_000909,2026-01-11,Quality Issue,676.82,Processed
RET_00185,ORD_007840,2025-10-25,Size Issue,450.3,Processed
RET_00186,ORD_001092,2025-11-14,Size Issue,257.1,Rejected
RET_00187,ORD_006523,2025-12-17,Quality Issue,69.93,Processed
RET_00188,ORD_006685,2025-12-24,Changed Mind,318.62,Pending
RET_00189,ORD_001080,2025-12-22,Defective,563.41,Pending
RET_00190,ORD_002062,2025-12-23,Quality Issue,188.3,Processed
RET_00191,ORD_000063,2025-11-02,Size Issue,519.33,Processed
RET_00192,ORD_006373,2025-10-25,Changed Mind,472.81,Processed
RET_00193,ORD_003232,2025-11-11,Changed Mind,113.93,Processed
RET_00194,ORD_005554,2025-10-30,Wrong Item,614.77,Processed
RET_00195,ORD_006714,2026-01-03,Changed Mind,599.49,Pending
RET_00196,ORD_003138,2025-11-17,Wrong Item,280.07,Processed
RET_00197,ORD_003654,2025-11-28,Quality Issue,323.32,Processed
RET_00198,ORD_000018,2025-10-28,Wrong Item,481.46,Pending
RET_00199,ORD_006143,2026-01-12,Size Issue,358.09,Processed
RET_00200,ORD_005416,2025-10-26,Quality Issue,206.46,Processed
RET_00201,ORD_002964,2025-12-11,Wrong Item,271.29,Processed
RET_00202,ORD_003985,2025-11-26,Quality Issue,340.17,Processed
RET_00203,ORD_002544,2025-11-04,,716.87,Processed
RET_00204,ORD_004741,2026-01-05,Changed Mind,269.15,Processed
RET_00205,ORD_002024,2025-11-03,Defective,1353.49,Processed
RET_00206,ORD_002429,2025-11-25,Size Issue,136.26,Processed
RET_00207,ORD_005166,2025-10-31,Changed Mind,290.02,Processed
RET_00208,ORD_001551,2025-11-14,Wrong Item,59.01,Processed
RET_00209,ORD_004388,2025-12-28,Changed Mind,494.19,Processed
RET_00210,ORD_002589,2025-12-25,Defective,533.07,Processed
RET_00211,ORD_006718,2025-12-18,Quality Issue,1872.82,Processed
RET_00212,ORD_003858,2025-12-23,Changed Mind,222.47,Rejected
RET_00213,ORD_001544,2025-10-17,Wrong Item,744.3,Pending
RET_00214,ORD_007570,2025-11-18,Quality Issue,270.87,Rejected
RET_00215,ORD_001302,2025-10-30,Quality Issue,309.01,Processed
RET_00216,ORD_001432,2025-12-01,Quality Issue,153.66,Rejected
RET_00217,ORD_004588,2025-12-17,Changed Mind,282.31,Processed
RET_00218,ORD_000812,2025-10-21,Quality Issue,409.54,Processed
RET_00219,ORD_004012,2025-11-08,Changed Mind,461.51,Rejected
RET_00220,ORD_001067,2025-12-12,Size Issue,134.91,Processed
RET_00221,ORD_004353,2026-01-13,Defective,595.49,Pending
RET_00222,ORD_000475,2025-12-31,Wrong Item,290.45,Rejected
RET_00223,ORD_000374,2025-12-17,Quality Issue,239.55,Processed
RET_00224,ORD_007721,2025-12-11,Size Issue,149.59,Processed
RET_00225,ORD_000520,2026-01-15,Quality Issue,205.02,Processed
RET_00226,ORD_005544,2025-12-13,,682.17,Processed
RET_00227,ORD_001986,2025-10-22,Changed Mind,475.22,Processed
RET_00228,ORD_001943,2025-12-26,Changed Mind,1367.36,Processed
RET_00229,ORD_002475,2025-11-06,Wrong Item,780.47,Processed
RET_00230,ORD_004490,2025-10-24,Changed Mind,326.17,Processed
RET_00231,ORD_005047,2026-01-03,,181.15,Processed
RET_00232,ORD_006427,2026-01-11,Defective,176.26,Processed
RET_00233,ORD_005299,2026-01-01,Size Issue,298.36,Pending
RET_00234,ORD_007966,2025-12-11,Size Issue,72.04,Pending
RET_00235,ORD_004719,2025-12-06,Changed Mind,202.19,Processed
RET_00236,ORD_000161,2025-11-06,Defective,184.32,Processed
RET_00237,ORD_000107,2025-12-27,Changed Mind,1043.24,Rejected
RET_00238,ORD_004576,2025-10-31,Size Issue,204.22,Processed
RET_00239,ORD_001428,2025-12-05,Defective,129.82,Pending
RET_00240,ORD_006023,2025-12-29,Quality Issue,663.3,Processed
RET_00241,ORD_001503,2025-11-16,Quality Issue,220.54,Pending
RET_00242,ORD_000358,2026-01-09,Wrong Item,1755.53,Processed
RET_00243,ORD_004020,2026-01-13,Defective,452.58,Processed
RET_00244,ORD_000017,2026-01-05,Defective,377.61,Processed
RET_00245,ORD_003143,2025-11-29,Quality Issue,237.18,Rejected
RET_00246,ORD_000486,2025-11-19,Quality Issue,280.66,Processed
RET_00247,ORD_000537,2025-12-26,Changed Mind,281.34,Pending
RET_00248,ORD_007472,2025-12-25,Changed Mind,1983.91,Processed
RET_00249,ORD_005520,2025-12-29,,123.84,Processed
RET_00250,ORD_002873,2025-11-28,Quality Issue,203.46,Pending
RET_00251,ORD_006321,2025-11-11,Quality Issue,692.56,Processed
RET_00252,ORD_005529,2025-12-31,Size Issue,323.02,Pending
RET_00253,ORD_001120,2025-12-06,Wrong Item,1436.6,Rejected
RET_00254,ORD_001150,2026-01-13,Changed Mind,209.91,Processed
RET_00255,ORD_007156,2026-01-03,Changed Mind,489.9,Processed
RET_00256,ORD_007374,2025-11-29,Quality Issue,267.23,Processed
RET_00257,ORD_002720,2026-01-01,Size Issue,347.41,Pending
RET_00258,ORD_007018,2025-11-02,Size Issue,239.67,Rejected
RET_00259,ORD_007827,2025-12-08,Quality Issue,95.79,Pending
RET_00260,ORD_007981,2025-12-13,Size Issue,251.1,Pending
RET_00261,ORD_000294,2025-11-01,Size Issue,302.11,Processed
RET_00262,ORD_005118,2026-01-09,Size Issue,597.05,Processed
RET_00263,ORD_005879,2025-10-21,Quality Issue,278.01,Processed
RET_00264,ORD_004203,2026-01-05,Quality Issue,638.76,Pending
RET_00265,ORD_007928,2025-10-19,Quality Issue,49.97,Processed
RET_00266,ORD_006148,2025-11-13,Quality Issue,206.21,Rejected
RET_00267,ORD_004474,2025-12-09,Changed Mind,107.56,Processed
RET_00268,ORD_007861,2026-01-14,Size Issue,1353.15,Processed
RET_00269,ORD_007413,2025-10-27,Defective,794.72,Pending
RET_00270,ORD_002286,2025-11-12,Size Issue,305.77,Pending
RET_00271,ORD_000230,2025-12-03,,217.67,Processed
RET_00272,ORD_003482,2025-12-01,Size Issue,204.44,Pending
RET_00273,ORD_006806,2025-12-10,Defective,151.4,Pending
RET_00274,ORD_007985,2025-12-03,Size Issue,779.77,Rejected
RET_00275,ORD_002486,2025-12-08,Quality Issue,282.3,Processed
RET_00276,ORD_003159,2025-11-25,Defective,402.34,Processed
RET_00277,ORD_006666,2025-11-03,Defective,375.28,Processed
RET_00278,ORD_004973,2025-11-03,Changed Mind,91.67,Processed
RET_00279,ORD_000580,2025-12-04,,278.81,Rejected
RET_00280,ORD_001676,2025-11-27,Size Issue,163.66,Processed
RET_00281,ORD_006596,2025-12-16,Defective,236.72,Processed
RET_00282,ORD_001239,2025-11-23,Defective,367.81,Processed
RET_00283,ORD_004021,2025-11-06,Defective,1056.43,Processed
RET_00284,ORD_001013,2025-10-18,Wrong Item,466.36,Pending
RET_00285,ORD_005477,2025-11-16,Quality Issue,183.48,Processed
RET_00286,ORD_007553,2025-12-22,Changed Mind,1840.27,Pending
RET_00287,ORD_004785,2025-12-04,Size Issue,103.11,Pending
RET_00288,ORD_001407,2025-12-10,Defective,223.17,Processed
RET_00289,ORD_006083,2026-01-06,Changed Mind,111.19,Processed
RET_00290,ORD_002107,2025-12-03,Size Issue,428.34,Processed
RET_00291,ORD_000674,2025-12-07,Size Issue,113.94,Processed
RET_00292,ORD_003581,2025-12-12,Changed Mind,268.66,Pending
RET_00293,ORD_004819,2026-01-01,Size Issue,41.41,Pending
RET_00294,ORD_004888,2025-12-27,Size Issue,369.29,Processed
RET_00295,ORD_004513,2025-12-10,Changed Mind,441.21,Processed
RET_00296,ORD_002157,2025-11-20,Defective,1227.47,Pending
RET_00297,ORD_002311,2025-12-30,Changed Mind,187.24,Processed
RET_00298,ORD_004675,2025-12-20,Defective,251.29,Pending
RET_00299,ORD_000096,2025-12-31,Quality Issue,192.72,Rejected
RET_00300,ORD_006129,2026-01-01,Quality Issue,1616.59,Processed
RET_00301,ORD_004249,2025-12-04,Size Issue,534.54,Pending
RET_00302,ORD_002850,2025-12-25,Defective,855.85,Processed
RET_00303,ORD_007387,2025-12-12,Defective,419.76,Processed
RET_00304,ORD_003492,2025-11-14,Size Issue,205.88,Processed
RET_00305,ORD_000359,2025-12-21,Size Issue,313.26,Processed
RET_00306,ORD_000285,2025-10-30,Changed Mind,103.29,Processed
RET_00307,ORD_000273,2025-12-02,Changed Mind,416.46,Pending
RET_00308,ORD_007340,2025-12-05,Quality Issue,1030.36,Rejected
RET_00309,ORD_000840,2025-10-24,Wrong Item,243.86,Processed
RET_00310,ORD_004309,2025-11-17,Wrong Item,166.2,Rejected
RET_00311,ORD_007722,2025-10-28,Changed Mind,827.19,Processed
RET_00312,ORD_005126,2025-10-17,Wrong Item,537.4,Pending
RET_00313,ORD_006367,2026-01-07,,1815.15,Processed
RET_00314,ORD_001680,2025-12-08,Quality Issue,638.67,Processed
RET_00315,ORD_006555,2025-11-12,Size Issue,468.26,Processed
RET_00316,ORD_003507,2026-01-23,Quality Issue,609.77,Processed
RET_00317,ORD_004060,2026-01-01,Quality Issue,420.81,Processed
RET_00318,ORD_000638,2026-01-15,Changed Mind,171.54,Processed
RET_00319,ORD_001345,2025-11-21,Defective,59.12,Processed
RET_00320,ORD_000313,2025-10-27,Changed Mind,545.42,Processed
RET_00321,ORD_001415,2025-12-31,Changed Mind,534.48,Processed
RET_00322,ORD_005369,2025-10-19,Defective,517.85,Processed
RET_00323,ORD_004671,2026-01-16,Changed Mind,1616.66,Processed
RET_00324,ORD_006269,2025-12-16,Size Issue,306.83,Processed
RET_00325,ORD_006388,2026-01-03,Size Issue,1114.5,Processed
RET_00326,ORD_007965,2025-11-25,Quality Issue,708.97,Pending
RET_00327,ORD_000458,2025-12-08,Wrong Item,315.68,Processed
RET_00328,ORD_005015,2025-12-29,Size Issue,521.39,Pending
RET_00329,ORD_003163,2025-11-02,,1555.19,Pending
RET_00330,ORD_000095,2026-01-10,Changed Mind,383.78,Pending
RET_00331,ORD_003007,2025-10-19,Defective,94.09,Rejected
RET_00332,ORD_006230,2025-12-06,Wrong Item,522.26,Rejected
RET_00333,ORD_001881,2025-11-15,Changed Mind,555.27,Processed
RET_00334,ORD_001104,2025-11-28,Wrong Item,87.43,Processed
RET_00335,ORD_003204,2025-12-22,Quality Issue,190.11,Processed
RET_00336,ORD_002707,2025-10-25,Size Issue,157.7,Pending
RET_00337,ORD_002035,2026-01-05,Defective,601.48,Processed
RET_00338,ORD_001867,2025-10-28,Size Issue,1107.25,Processed
RET_00339,ORD_006869,2026-01-01,Quality Issue,244.77,Processed
RET_00340,ORD_003988,2025-12-09,Quality Issue,389.71,Processed
RET_00341,ORD_000308,2025-11-10,Wrong Item,505.95,Rejected
RET_00342,ORD_006172,2025-11-06,Changed Mind,203.66,Pending
RET_00343,ORD_002508,2025-12-08,Size Issue,101.54,Processed
RET_00344,ORD_002930,2026-01-10,Defective,351.35,Processed
RET_00345,ORD_001212,2025-12-06,Changed Mind,323.32,Processed
RET_00346,ORD_000067,2025-10-28,Defective,353.13,Processed
RET_00347,ORD_001305,2025-11-24,Wrong Item,983.37,Processed
RET_00348,ORD_004512,2025-12-08,Changed Mind,520.41,Rejected
RET_00349,ORD_006695,2025-11-18,Defective,740.65,Processed
RET_00350,ORD_007005,2025-12-19,Wrong Item,126.3,Processed
RET_00351,ORD_006164,2025-10-26,Quality Issue,572.66,Processed
RET_00352,ORD_001333,2025-12-13,Changed Mind,194.9,Processed
RET_00353,ORD_005617,2025-11-20,Size Issue,491.82,Processed
RET_00354,ORD_000070,2025-11-24,Size Issue,425.56,Processed
RET_00355,ORD_007025,2026-01-03,Wrong Item,105.66,Pending
RET_00356,ORD_000933,2025-11-13,Size Issue,1015.64,Pending
RET_00357,ORD_002022,2025-12-24,Changed Mind,684.79,Processed
RET_00358,ORD_000623,2025-12-22,Quality Issue,123.78,Processed
RET_00359,ORD_005372,2026-01-09,Defective,136.19,Processed
RET_00360,ORD_003659,2026-01-13,Size Issue,131.61,Processed
RET_00361,ORD_006393,2025-10-30,Wrong Item,631.16,Processed
RET_00362,ORD_004987,2025-12-08,Quality Issue,567.1,Rejected
RET_00363,ORD_001068,2025-11-12,,1474.31,Processed
RET_00364,ORD_004386,2025-10-18,Quality Issue,256.64,Pending
RET_00365,ORD_003126,2025-12-14,Wrong Item,221.63,Processed
RET_00366,ORD_002222,2026-01-12,Size Issue,492.29,Processed
RET_00367,ORD_004942,2025-10-23,Quality Issue,1086.93,Processed
RET_00368,ORD_003722,2025-11-26,Defective,1471.72,Rejected
RET_00369,ORD_001649,2025-11-29,Size Issue,103.05,Processed
RET_00370,ORD_003041,2026-01-04,Wrong Item,172.91,Pending
RET_00371,ORD_005211,2025-12-21,Changed Mind,245.76,Processed
RET_00372,ORD_000279,2025-11-13,Quality Issue,431.5,Processed
RET_00373,ORD_004570,2025-12-04,Changed Mind,1769.35,Processed
RET_00374,ORD_007937,2025-12-28,Wrong Item,144.52,Processed
RET_00375,ORD_002938,2025-12-01,Defective,198.63,Processed
RET_00376,ORD_003298,2025-12-31,Defective,538.29,Processed
RET_00377,ORD_000881,2025-11-24,Defective,554.39,Processed
RET_00378,ORD_003421,2025-11-07,Defective,316.67,Processed
RET_00379,ORD_000531,2025-11-04,Wrong Item,1362.83,Processed
RET_00380,ORD_001980,2025-12-08,Size Issue,631.02,Processed
RET_00381,ORD_003452,2025-11-26,Quality Issue,149.01,Pending
RET_00382,ORD_001353,2025-12-16,Quality Issue,354.78,Processed
RET_00383,ORD_006189,2025-10-24,Size Issue,711.36,Pending
RET_00384,ORD_007070,2026-01-12,Quality Issue,586.36,Pending
RET_00385,ORD_006868,2025-11-22,Changed Mind,76.35,Processed
RET_00386,ORD_001441,2025-10-19,Defective,444.56,Processed
RET_00387,ORD_003413,2026-01-20,Quality Issue,162.2,Pending
RET_00388,ORD_004616,2025-10-23,Wrong Item,591.57,Processed
RET_00389,ORD_000362,2025-12-20,Defective,511.38,Processed
RET_00390,ORD_006471,2026-01-11,Changed Mind,348.53,Processed
RET_00391,ORD_005464,2025-11-19,Quality Issue,172.84,Pending
RET_00392,ORD_004136,2025-10-28,Changed Mind,75.09,Processed
RET_00393,ORD_002663,2025-12-24,Wrong Item,105.58,Processed
RET_00394,ORD_006977,2025-12-21,Size Issue,345.18,Processed
RET_00395,ORD_006206,2025-11-28,,384.86,Processed
RET_00396,ORD_007548,2025-11-22,Changed Mind,151.15,Rejected
RET_00397,ORD_007832,2025-11-20,Quality Issue,124.79,Processed
RET_00398,ORD_005716,2026-01-06,Size Issue,200.86,Processed
RET_00399,ORD_002637,2025-12-24,Size Issue,1473.59,Pending
RET_00400,ORD_000266,2025-11-03,Defective,363.85,Processed
RET_00401,ORD_005194,2025-10-16,Wrong Item,112.46,Processed
RET_00402,ORD_001642,2026-01-12,Size Issue,191.41,Processed
RET_00403,ORD_001054,2026-01-07,Changed Mind,1573.23,Rejected
RET_00404,ORD_006283,2025-10-11,Size Issue,1540.7,Processed
RET_00405,ORD_005098,2025-12-04,Wrong Item,200.32,Processed
RET_00406,ORD_004357,2025-12-18,Defective,750.88,Processed
RET_00407,ORD_004883,2025-12-06,Wrong Item,992.61,Processed
RET_00408,ORD_007904,2025-11-14,Size Issue,184.63,Processed
RET_00409,ORD_006589,2025-10-25,Wrong Item,553.39,Processed
RET_00410,ORD_001976,2025-11-29,Changed Mind,230.08,Processed
RET_00411,ORD_003279,2025-11-10,Changed Mind,704.97,Processed
RET_00412,ORD_000409,2025-11-07,Changed Mind,92.19,Rejected
RET_00413,ORD_000031,2025-11-06,Wrong Item,58.7,Pending
RET_00414,ORD_003059,2026-01-20,Quality Issue,394.54,Processed
RET_00415,ORD_003434,2025-11-21,Changed Mind,368.47,Processed
RET_00416,ORD_007909,2025-11-23,Size Issue,68.58,Pending
RET_00417,ORD_007609,2025-11-12,Quality Issue,1581.32,Processed
RET_00418,ORD_002076,2025-10-24,Quality Issue,358.39,Pending
RET_00419,ORD_007076,2025-12-01,Size Issue,526.07,Pending
RET_00420,ORD_007225,2025-12-14,Wrong Item,199.95,Rejected
RET_00421,ORD_001429,2025-12-05,Wrong Item,1151.76,Processed
RET_00422,ORD_006650,2026-01-08,Defective,924.26,Processed
RET_00423,ORD_003080,2026-01-13,Quality Issue,82.82,Processed
RET_00424,ORD_006947,2025-11-03,Defective,1762.64,Processed
RET_00425,ORD_001613,2025-12-05,Wrong Item,254.06,Processed
RET_00426,ORD_007799,2025-12-17,Wrong Item,445.89,Processed
RET_00427,ORD_000004,2025-11-18,Wrong Item,315.47,Rejected
RET_00428,ORD_006533,2025-10-28,Changed Mind,969.93,Processed
RET_00429,ORD_007871,2025-11-08,Size Issue,414.99,Pending
RET_00430,ORD_002575,2025-11-08,Size Issue,169.25,Processed
RET_00431,ORD_005252,2025-11-07,Defective,49.14,Processed
RET_00432,ORD_004034,2025-11-25,Size Issue,1186.53,Processed
RET_00433,ORD_004857,2025-10-30,Defective,223.18,Processed
RET_00434,ORD_005990,2025-11-21,Size Issue,337.5,Processed
RET_00435,ORD_000097,2025-12-31,Wrong Item,540.5,Pending
RET_00436,ORD_003578,2025-12-10,Defective,275.39,Processed
RET_00437,ORD_007631,2025-11-03,Size Issue,223.71,Processed
RET_00438,ORD_004901,2025-11-02,Changed Mind,469.3,Pending
RET_00439,ORD_000201,2026-01-11,Changed Mind,301.29,Processed
RET_00440,ORD_002377,2026-01-16,Changed Mind,322.17,Processed
RET_00441,ORD_004004,2025-12-27,Size Issue,167.18,Pending
RET_00442,ORD_006807,2025-11-09,Size Issue,43.66,Processed
RET_00443,ORD_003467,2025-12-04,Size Issue,483.33,Processed
RET_00444,ORD_003945,2025-12-03,Wrong Item,417.29,Processed
RET_00445,ORD_002139,2025-12-24,Size Issue,86.07,Processed
RET_00446,ORD_005610,2025-11-28,Wrong Item,550.27,Pending
RET_00447,ORD_006003,2025-11-08,Size Issue,69.06,Processed
RET_00448,ORD_002223,2026-01-01,Wrong Item,478.62,Processed
RET_00449,ORD_001567,2025-12-19,Size Issue,269.92,Processed
RET_00450,ORD_007420,2025-12-19,Size Issue,448.64,Processed
RET_00451,ORD_007891,2025-12-18,Quality Issue,244.09,Processed
RET_00452,ORD_005747,2025-11-18,Changed Mind,579.25,Processed
RET_00453,ORD_003300,2025-11-15,Defective,126.21,Processed
RET_00454,ORD_000637,2025-12-06,Quality Issue,1534.76,Pending
RET_00455,ORD_006830,2025-11-23,Quality Issue,367.11,Processed
RET_00456,ORD_004047,2025-11-29,Quality Issue,306.78,Processed
RET_00457,ORD_003371,2025-12-29,Quality Issue,88.74,Processed
RET_00458,ORD_006036,2025-11-01,Size Issue,171.34,Processed
RET_00459,ORD_007576,2025-11-12,Size Issue,152.9,Processed
RET_00460,ORD_003613,2025-11-02,,403.55,Pending
RET_00461,ORD_000140,2025-12-16,Size Issue,216.47,Processed
RET_00462,ORD_007526,2025-12-22,Changed Mind,188.75,Pending
RET_00463,ORD_004296,2025-11-09,Quality Issue,200.58,Processed
RET_00464,ORD_005266,2026-01-02,Changed Mind,751.06,Rejected
RET_00465,ORD_001257,2025-12-28,Changed Mind,290.32,Processed
RET_00466,ORD_004650,2025-10-16,Wrong Item,224.75,Processed
RET_00467,ORD_006676,2025-12-20,Changed Mind,771.85,Processed
RET_00468,ORD_006546,2025-12-25,Quality Issue,1375.53,Processed
RET_00469,ORD_002721,2025-12-22,Changed Mind,220.06,Rejected
RET_00470,ORD_001035,2025-10-29,Wrong Item,441.65,Pending
RET_00471,ORD_007304,2025-12-01,Quality Issue,1101.06,Processed
RET_00472,ORD_005523,2025-12-10,Changed Mind,393.42,Processed
RET_00473,ORD_004266,2025-11-30,Wrong Item,53.75,Pending
RET_00474,ORD_002958,2026-01-15,Size Issue,264.29,Processed
RET_00475,ORD_000532,2025-10-18,Size Issue,281.76,Pending
RET_00476,ORD_001945,2025-11-30,Changed Mind,329.47,Processed
RET_00477,ORD_003648,2026-01-20,Defective,403.12,Processed
RET_00478,ORD_003483,2025-12-07,Wrong Item,248.84,Rejected
RET_00479,ORD_005215,2025-11-28,Size Issue,219.84,Processed
RET_00480,ORD_005752,2025-10-23,Size Issue,201.73,Processed
RET_00481,ORD_001304,2026-01-08,Size Issue,599.62,Processed
RET_00482,ORD_002108,2025-10-19,Size Issue,245.4,Processed
RET_00483,ORD_006560,2025-11-22,Quality Issue,1495.49,Processed
RET_00484,ORD_003042,2025-11-25,Size Issue,480.36,Processed
RET_00485,ORD_005679,2025-12-30,Changed Mind,1396.26,Processed
RET_00486,ORD_005376,2025-12-01,Defective,754.69,Processed
RET_00487,ORD_006001,2026-01-11,Changed Mind,535.75,Rejected
RET_00488,ORD_002530,2025-12-08,Wrong Item,698.08,Pending
RET_00489,ORD_001617,2026-01-13,Defective,109.87,Processed
RET_00490,ORD_003524,2025-12-12,Size Issue,245.22,Pending
RET_00491,ORD_001626,2025-11-16,Size Issue,1304.56,Processed
RET_00492,ORD_002926,2025-10-14,Size Issue,197.32,Processed
RET_00493,ORD_001606,2025-12-28,Changed Mind,228.59,Pending
RET_00494,ORD_002480,2025-12-30,Defective,119.14,Rejected
RET_00495,ORD_003443,2025-11-28,Changed Mind,107.21,Processed
RET_00496,ORD_002923,2025-12-26,Quality Issue,63.9,Processed
RET_00497,ORD_003513,2025-10-27,Size Issue,712.17,Processed
RET_00498,ORD_001243,2025-12-21,Changed Mind,1247.54,Processed
RET_00499,ORD_003606,2025-11-03,Wrong Item,177.32,Processed
RET_00500,ORD_007584,2025-11-01,,161.36,Processed
RET_00501,ORD_008000,2025-11-08,Defective,307.1,Processed
RET_00502,ORD_003322,2026-01-09,Defective,1078.97,Processed
RET_00503,ORD_000014,2025-12-04,Changed Mind,369.38,Processed
RET_00504,ORD_007794,2025-10-23,Size Issue,749.68,Pending
RET_00505,ORD_005214,2025-10-22,Wrong Item,471.57,Processed
RET_00506,ORD_005360,2025-10-20,Wrong Item,675.1,Processed
RET_00507,ORD_007013,2025-12-30,Defective,489.73,Processed
RET_00508,ORD_001346,2026-01-22,Quality Issue,224.74,Pending
RET_00509,ORD_003892,2025-12-03,Quality Issue,215.42,Rejected
RET_00510,ORD_007233,2025-11-20,Defective,60.75,Processed
RET_00511,ORD_007007,2026-01-04,Defective,478.1,Processed
RET_00512,ORD_003832,2025-10-30,Defective,386.01,Processed
RET_00513,ORD_001573,2025-10-29,Quality Issue,427.36,Processed
RET_00514,ORD_001380,2025-11-28,Changed Mind,324.76,Rejected
RET_00515,ORD_000797,2025-11-29,Defective,1405.07,Processed
RET_00516,ORD_005176,2025-12-25,Size Issue,422.28,Processed
RET_00517,ORD_000643,2025-11-30,Changed Mind,1366.92,Processed
RET_00518,ORD_004361,2026-01-11,Size Issue,1184.23,Processed
RET_00519,ORD_003172,2025-12-22,Changed Mind,295.64,Rejected
RET_00520,ORD_006862,2025-10-22,Quality Issue,227.25,Processed
RET_00521,ORD_001230,2025-11-21,Wrong Item,66.06,Pending
RET_00522,ORD_005991,2025-11-10,Wrong Item,327.35,Rejected
RET_00523,ORD_001151,2025-12-03,Changed Mind,238.23,Processed
RET_00524,ORD_007241,2025-12-19,Changed Mind,534.74,Processed
RET_00525,ORD_006837,2025-12-27,Changed Mind,747.35,Processed
RET_00526,ORD_002630,2025-12-04,Wrong Item,394.92,Processed
RET_00527,ORD_003367,2026-01-15,Quality Issue,160.93,Processed
RET_00528,ORD_007488,2025-12-01,Changed Mind,654.85,Pending
RET_00529,ORD_003960,2025-11-06,Size Issue,169.62,Processed
RET_00530,ORD_002866,2025-12-31,Changed Mind,152.69,Processed
RET_00531,ORD_000509,2025-11-13,Wrong Item,431.01,Rejected
RET_00532,ORD_006279,2025-11-24,Changed Mind,179.5,Processed
RET_00533,ORD_002193,2025-10-23,Wrong Item,1451.82,Rejected
RET_00534,ORD_002041,2026-01-12,Wrong Item,146.63,Processed
RET_00535,ORD_005147,2026-01-08,Wrong Item,507.29,Processed
RET_00536,ORD_007232,2026-01-03,Size Issue,411.98,Processed
RET_00537,ORD_004960,2026-01-19,Size Issue,147.54,Rejected
RET_00538,ORD_000423,2026-01-11,Defective,183.46,Pending
RET_00539,ORD_005545,2025-10-28,Defective,500.08,Processed
RET_00540,ORD_007765,2026-01-14,Defective,832.48,Processed
RET_00541,ORD_004528,2025-11-08,Changed Mind,492.44,Pending
RET_00542,ORD_005289,2026-01-10,Size Issue,79.01,Processed
RET_00543,ORD_007752,2025-10-27,Defective,1445.7,Pending
RET_00544,ORD_005051,2025-11-07,Quality Issue,155.23,Processed
RET_00545,ORD_004890,2025-11-05,Defective,27.85,Processed
RET_00546,ORD_005203,2025-11-05,Defective,1314.22,Pending
RET_00547,ORD_005228,2025-12-11,Defective,1077.77,Pending
RET_00548,ORD_002751,2025-11-03,Wrong Item,298.2,Processed
RET_00549,ORD_004686,2025-12-26,Changed Mind,573.43,Processed
RET_00550,ORD_007578,2025-12-27,Quality Issue,1927.25,Rejected
RET_00551,ORD_006576,2026-01-10,Changed Mind,1599.31,Processed
RET_00552,ORD_004127,2025-11-02,Size Issue,1113.85,Pending
RET_00553,ORD_003942,2025-10-21,Defective,246.77,Pending
RET_00554,ORD_002683,2025-11-17,Defective,144.31,Pending
RET_00555,ORD_002425,2025-11-07,Quality Issue,362.39,Processed
RET_00556,ORD_007087,2025-10-27,Quality Issue,416.12,Processed
RET_00557,ORD_003420,2025-11-20,Quality Issue,117.87,Processed
RET_00558,ORD_007920,2025-11-26,Quality Issue,546.2,Processed
RET_00559,ORD_002557,2025-12-03,Quality Issue,209.2,Processed
RET_00560,ORD_007666,2025-10-18,Size Issue,211.84,Processed
RET_00561,ORD_003357,2025-12-09,Changed Mind,219.52,Processed
RET_00562,ORD_003713,2025-11-10,Defective,581.64,Pending
RET_00563,ORD_001265,2025-10-19,Defective,384.82,Processed
RET_00564,ORD_005355,2025-12-22,Quality Issue,192.88,Pending
RET_00565,ORD_003808,2025-12-11,Defective,218.06,Processed
RET_00566,ORD_000117,2026-01-08,Changed Mind,241.35,Processed
RET_00567,ORD_005539,2025-11-13,Quality Issue,654.85,Processed
RET_00568,ORD_005709,2025-12-28,Wrong Item,248.04,Processed
RET_00569,ORD_004833,2026-01-08,Size Issue,1672.48,Pending
RET_00570,ORD_004018,2025-11-21,Changed Mind,454.32,Processed
RET_00571,ORD_007227,2026-01-09,Size Issue,297.9,Processed
RET_00572,ORD_002328,2025-12-17,,171.8,Pending
RET_00573,ORD_001020,2025-12-03,Defective,332.2,Processed
RET_00574,ORD_002064,2025-12-22,Changed Mind,564.71,Rejected
RET_00575,ORD_005809,2025-11-13,Changed Mind,104.97,Processed
RET_00576,ORD_004405,2025-11-08,Size Issue,519.08,Processed
RET_00577,ORD_007405,2026-01-04,Size Issue,343.38,Processed
RET_00578,ORD_006506,2025-12-22,Size Issue,1390.67,Processed
RET_00579,ORD_002542,2025-11-01,Defective,1422.86,Processed
RET_00580,ORD_003251,2025-12-09,Quality Issue,105.19,Pending
RET_00581,ORD_007916,2025-11-27,Size Issue,1526.15,Processed
RET_00582,ORD_000860,2025-11-06,Quality Issue,268.7,Processed
RET_00583,ORD_006152,2025-10-25,Size Issue,1229.48,Rejected
RET_00584,ORD_006103,2025-10-26,Defective,1873.42,Processed
RET_00585,ORD_006572,2025-11-01,Changed Mind,401.02,Processed
RET_00586,ORD_002550,2025-12-03,Size Issue,313.84,Pending
RET_00587,ORD_000768,2025-12-16,Quality Issue,299.9,Processed
RET_00588,ORD_001677,2025-10-22,Size Issue,995.56,Rejected
RET_00589,ORD_003314,2025-12-20,Size Issue,196.37,Pending
RET_00590,ORD_003595,2025-12-19,Size Issue,240.23,Pending
RET_00591,ORD_000292,2025-12-08,Quality Issue,169.64,Processed
RET_00592,ORD_007730,2025-11-24,Wrong Item,1479.05,Processed
RET_00593,ORD_003177,2025-11-07,Quality Issue,301.77,Processed
RET_00594,ORD_003189,2025-12-28,Defective,111.98,Processed
RET_00595,ORD_004681,2026-01-10,Changed Mind,305.44,Pending
RET_00596,ORD_005896,2025-11-19,,528.73,Pending
RET_00597,ORD_001417,2025-12-17,,234.01,Processed
RET_00598,ORD_007640,2025-12-15,Size Issue,592.6,Processed
RET_00599,ORD_000748,2026-01-07,Changed Mind,1212.48,Pending
RET_00600,ORD_005265,2026-01-05,Quality Issue,239.8,Processed
RET_00601,ORD_000003,2026-01-10,Quality Issue,177.47,Processed
RET_00602,ORD_000314,2025-11-03,Changed Mind,258.92,Processed
RET_00603,ORD_005148,2025-10-30,Defective,298.97,Processed
RET_00604,ORD_007004,2025-12-01,Quality Issue,192.53,Processed
RET_00605,ORD_000948,2026-01-08,Quality Issue,915.08,Processed
RET_00606,ORD_006597,2025-10-30,Defective,466.9,Processed
RET_00607,ORD_005459,2025-10-30,Changed Mind,149.87,Processed
RET_00608,ORD_007746,2025-10-30,Wrong Item,250.36,Processed
RET_00609,ORD_007935,2025-12-20,Wrong Item,402.45,Rejected
RET_00610,ORD_004954,2026-01-07,Wrong Item,534.94,Processed
RET_00611,ORD_001529,2025-11-23,Defective,1579.22,Processed
RET_00612,ORD_001365,2025-11-06,Wrong Item,73.82,Processed
RET_00613,ORD_006856,2025-11-21,Quality Issue,221.69,Processed
RET_00614,ORD_007038,2025-10-29,Wrong Item,541.77,Processed
RET_00615,ORD_005668,2025-10-27,Size Issue,230.82,Processed
RET_00616,ORD_000380,2025-11-16,Size Issue,70.84,Rejected
RET_00617,ORD_004484,2025-10-20,Changed Mind,310.31,Processed
RET_00618,ORD_006737,2025-10-18,Defective,50.82,Processed
RET_00619,ORD_001919,2025-11-17,Changed Mind,424.46,Processed
RET_00620,ORD_001972,2026-01-15,Changed Mind,1534.51,Processed
RET_00621,ORD_001466,2026-01-15,Size Issue,235.79,Processed
RET_00622,ORD_002656,2025-12-17,Wrong Item,344.02,Pending
RET_00623,ORD_004992,2025-10-21,Quality Issue,320.35,Pending
RET_00624,ORD_007433,2025-11-15,Quality Issue,214.53,Processed
RET_00625,ORD_004531,2026-01-17,Size Issue,361.64,Processed
RET_00626,ORD_004342,2025-11-28,Wrong Item,629.8,Processed
RET_00627,ORD_001099,2025-12-03,Wrong Item,148.17,Processed
RET_00628,ORD_006468,2025-11-17,Defective,290.74,Processed
RET_00629,ORD_002547,2025-12-25,Changed Mind,285.1,Processed
RET_00630,ORD_002077,2025-11-11,Defective,1328.01,Processed
RET_00631,ORD_000476,2026-01-10,Changed Mind,513.22,Processed
RET_00632,ORD_006942,2025-12-14,Defective,84.33,Rejected
RET_00633,ORD_001440,2025-12-26,Wrong Item,178.2,Processed
RET_00634,ORD_007581,2025-12-02,Defective,441.96,Pending
RET_00635,ORD_000687,2025-11-11,Quality Issue,136.44,Processed
RET_00636,ORD_001917,2026-01-08,Size Issue,725.7,Pending
RET_00637,ORD_002648,2025-12-06,Size Issue,1542.72,Processed
RET_00638,ORD_000305,2026-01-16,Defective,164.1,Processed
RET_00639,ORD_001650,2025-10-28,Changed Mind,344.7,Processed
RET_00640,ORD_006018,2025-11-24,Size Issue,752.92,Processed
RET_00641,ORD_006478,2025-10-14,Changed Mind,169.52,Rejected
RET_00642,ORD_000688,2025-10-16,Size Issue,139.12,Pending
RET_00643,ORD_006732,2025-11-12,Wrong Item,241.47,Processed
RET_00644,ORD_002259,2025-12-24,Wrong Item,503.29,Processed
RET_00645,ORD_006464,2025-11-25,Quality Issue,409.29,Processed
RET_00646,ORD_000311,2025-11-22,Quality Issue,239.17,Processed
RET_00647,ORD_004669,2025-12-06,Defective,164.74,Processed
RET_00648,ORD_003575,2026-01-01,Changed Mind,745.06,Pending
RET_00649,ORD_005504,2026-01-09,Size Issue,202.09,Processed
RET_00650,ORD_003982,2025-12-16,Quality Issue,341.34,Processed
RET_00651,ORD_001668,2025-11-11,Changed Mind,436.57,Processed
RET_00652,ORD_007991,2025-11-23,Wrong Item,719.7,Processed
RET_00653,ORD_007231,2026-01-08,Changed Mind,142.2,Processed
RET_00654,ORD_007261,2025-12-14,Size Issue,267.83,Processed
RET_00655,ORD_007967,2026-01-12,Changed Mind,864.82,Processed
RET_00656,ORD_006288,2025-12-28,Changed Mind,412.21,Processed
RET_00657,ORD_006409,2025-12-22,Wrong Item,133.48,Pending
RET_00658,ORD_005720,2025-10-23,Defective,229.08,Processed
RET_00659,ORD_005734,2026-01-14,Wrong Item,1473.36,Processed
RET_00660,ORD_004028,2025-11-11,Changed Mind,232.36,Pending
RET_00661,ORD_000228,2025-12-13,Quality Issue,1222.1,Pending
RET_00662,ORD_002532,2025-11-25,Changed Mind,165.27,Processed
RET_00663,ORD_004351,2026-01-01,Changed Mind,143.95,Processed
RET_00664,ORD_004070,2025-11-21,Defective,586.65,Processed
RET_00665,ORD_003684,2025-11-03,Defective,359.91,Pending
RET_00666,ORD_000146,2025-12-11,Wrong Item,1614.28,Rejected
RET_00667,ORD_003734,2025-11-17,Wrong Item,574.32,Pending
RET_00668,ORD_003326,2026-01-09,,309.65,Processed
RET_00669,ORD_002098,2026-01-04,Size Issue,901.69,Processed
RET_00670,ORD_005046,2025-11-02,Wrong Item,1901.44,Processed
RET_00671,ORD_005825,2025-12-31,Changed Mind,88.76,Pending
RET_00672,ORD_000742,2025-11-18,Defective,225.16,Processed
RET_00673,ORD_005708,2025-10-22,Quality Issue,85.06,Processed
RET_00674,ORD_003748,2025-11-27,Size Issue,372.6,Pending
RET_00675,ORD_000250,2025-11-12,Size Issue,1527.22,Processed
RET_00676,ORD_003973,2025-10-26,Changed Mind,116.23,Pending
RET_00677,ORD_006120,2025-12-16,Size Issue,125.66,Processed
RET_00678,ORD_002980,2025-11-21,Size Issue,286.07,Processed
RET_00679,ORD_006526,2025-12-18,Changed Mind,1152.9,Processed
RET_00680,ORD_003731,2025-12-28,Defective,1391.97,Processed
RET_00681,ORD_003458,2026-01-08,Wrong Item,412.45,Processed
RET_00682,ORD_003317,2026-01-01,Defective,596.53,Processed
RET_00683,ORD_003257,2026-01-01,Wrong Item,331.61,Pending
RET_00684,ORD_001797,2025-11-15,Changed Mind,245.55,Processed
RET_00685,ORD_003669,2025-12-14,Defective,392.2,Processed
RET_00686,ORD_000405,2025-12-16,Quality Issue,174.34,Processed
RET_00687,ORD_000751,2026-01-13,Wrong Item,457.45,Pending
RET_00688,ORD_003428,2025-11-21,Defective,111.49,Processed
RET_00689,ORD_004037,2025-12-10,Wrong Item,325.81,Rejected
RET_00690,ORD_005548,2025-11-17,Changed Mind,545.49,Processed
RET_00691,ORD_003355,2025-12-21,Quality Issue,232.93,Processed
RET_00692,ORD_000192,2025-11-13,Changed Mind,210.1,Rejected
RET_00693,ORD_005264,2026-01-04,Wrong Item,158.28,Processed
RET_00694,ORD_000552,2025-11-24,Changed Mind,1555.45,Processed
RET_00695,ORD_002341,2025-11-09,Size Issue,579.34,Processed
RET_00696,ORD_003795,2025-12-03,Changed Mind,1399.06,Processed
RET_00697,ORD_004162,2025-12-22,Quality Issue,274.76,Rejected
RET_00698,ORD_000085,2025-11-17,Defective,536.38,Processed
RET_00699,ORD_003268,2025-11-15,Changed Mind,696.15,Processed
RET_00700,ORD_007528,2025-10-16,,768.47,Processed
RET_00701,ORD_003876,2025-10-10,Quality Issue,897.11,Processed
RET_00702,ORD_005403,2026-01-17,Quality Issue,118.0,Processed
RET_00703,ORD_001355,2025-12-20,Quality Issue,1420.25,Processed
RET_00704,ORD_007098,2025-10-27,Changed Mind,157.87,Rejected
RET_00705,ORD_004188,2025-11-10,Wrong Item,102.99,Rejected
RET_00706,ORD_004327,2025-10-20,Defective,143.59,Processed
RET_00707,ORD_000610,2025-11-01,Size Issue,472.78,Processed
RET_00708,ORD_001091,2025-11-06,Quality Issue,163.09,Processed
RET_00709,ORD_000671,2025-11-21,Quality Issue,404.77,Processed
RET_00710,ORD_000719,2025-12-07,Changed Mind,318.34,Processed
RET_00711,ORD_006074,2025-11-25,Changed Mind,189.34,Processed
RET_00712,ORD_001769,2025-12-09,Quality Issue,223.13,Processed
RET_00713,ORD_001445,2025-10-22,Quality Issue,211.72,Processed
RET_00714,ORD_003245,2025-12-10,Defective,442.75,Processed
RET_00715,ORD_007234,2025-12-23,Quality Issue,52.98,Pending
RET_00716,ORD_006955,2025-11-08,Quality Issue,383.37,Processed
RET_00717,ORD_001977,2026-01-01,Changed Mind,94.17,Processed
RET_00718,ORD_000099,2025-12-19,Defective,689.74,Processed
RET_00719,ORD_006990,2025-12-31,Wrong Item,783.28,Pending
RET_00720,ORD_007412,2025-12-24,Quality Issue,981.55,Pending
RET_00721,ORD_001394,2025-12-17,Size Issue,196.07,Processed
RET_00722,ORD_006740,2025-11-01,Changed Mind,912.26,Processed
RET_00723,ORD_006841,2025-12-18,Changed Mind,322.3,Processed
RET_00724,ORD_004343,2025-12-23,Quality Issue,667.97,Processed
RET_00725,ORD_007317,2025-11-04,Defective,1001.1,Pending
RET_00726,ORD_003830,2026-01-16,Size Issue,182.08,Processed
RET_00727,ORD_005412,2025-11-18,Size Issue,349.34,Processed
RET_00728,ORD_002181,2025-12-09,Changed Mind,78.63,Pending
RET_00729,ORD_006194,2025-12-03,Quality Issue,72.19,Processed
RET_00730,ORD_004009,2025-12-08,Wrong Item,1668.13,Processed
RET_00731,ORD_004048,2025-12-06,Wrong Item,50.7,Processed
RET_00732,ORD_002631,2025-12-02,Quality Issue,88.28,Processed
RET_00733,ORD_001930,2025-12-12,Wrong Item,441.5,Processed
RET_00734,ORD_003724,2025-10-24,Defective,202.1,Processed
RET_00735,ORD_000588,2025-10-24,Quality Issue,160.48,Processed
RET_00736,ORD_001341,2025-10-29,Wrong Item,403.87,Processed
RET_00737,ORD_004033,2025-11-20,Changed Mind,166.45,Processed
RET_00738,ORD_006778,2026-01-04,Quality Issue,44.26,Processed
RET_00739,ORD_007784,2025-11-06,Quality Issue,413.73,Processed
RET_00740,ORD_003385,2025-12-24,Defective,87.56,Processed
RET_00741,ORD_003009,2026-01-31,Quality Issue,962.64,Processed
RET_00742,ORD_005229,2026-01-05,Defective,570.36,Pending
RET_00743,ORD_007174,2025-12-26,Defective,311.85,Pending
RET_00744,ORD_002040,2025-11-03,Wrong Item,271.31,Processed
RET_00745,ORD_003006,2025-12-16,Quality Issue,1119.18,Processed
RET_00746,ORD_000242,2025-10-20,Defective,263.18,Processed
RET_00747,ORD_006415,2025-11-25,Changed Mind,235.96,Processed
RET_00748,ORD_004113,2025-12-08,Size Issue,476.37,Processed
RET_00749,ORD_004135,2025-11-23,Wrong Item,1475.87,Processed
RET_00750,ORD_003820,2025-12-16,Changed Mind,260.76,Processed
RET_00751,ORD_000403,2025-10-21,Wrong Item,549.14,Pending
RET_00752,ORD_005762,2025-12-10,Quality Issue,251.19,Processed
RET_00753,ORD_001430,2025-10-16,Wrong Item,453.98,Processed
RET_00754,ORD_004155,2025-12-08,Changed Mind,387.33,Processed
RET_00755,ORD_005144,2026-01-02,Wrong Item,54.96,Processed
RET_00756,ORD_005685,2025-10-25,Defective,642.57,Processed
RET_00757,ORD_007410,2026-01-10,Quality Issue,263.48,Pending
RET_00758,ORD_007899,2025-10-10,Changed Mind,249.09,Processed
RET_00759,ORD_006539,2025-12-09,Quality Issue,1089.23,Pending
RET_00760,ORD_003873,2025-11-10,Size Issue,160.87,Processed
RET_00761,ORD_001723,2025-12-10,Wrong Item,250.23,Processed
RET_00762,ORD_001456,2025-12-22,Defective,194.25,Processed
RET_00763,ORD_005395,2025-11-21,Quality Issue,715.06,Processed
RET_00764,ORD_001724,2025-10-24,Defective,443.68,Processed
RET_00765,ORD_006770,2026-01-19,Wrong Item,337.38,Processed
RET_00766,ORD_007632,2025-12-23,Defective,290.95,Rejected
RET_00767,ORD_007805,2025-11-10,Quality Issue,211.8,Processed
RET_00768,ORD_003030,2025-12-06,Changed Mind,1449.06,Processed
RET_00769,ORD_005811,2025-10-31,Wrong Item,579.54,Processed
RET_00770,ORD_002294,2025-12-21,Size Issue,497.76,Processed
RET_00771,ORD_001944,2026-01-10,Wrong Item,1649.72,Processed
RET_00772,ORD_002899,2025-11-15,Changed Mind,384.97,Rejected
RET_00773,ORD_006024,2025-11-23,Defective,125.45,Rejected
RET_00774,ORD_004756,2025-12-31,Defective,172.96,Processed
RET_00775,ORD_001766,2025-10-25,Changed Mind,468.12,Processed
RET_00776,ORD_002851,2025-12-14,Size Issue,495.62,Processed
RET_00777,ORD_001065,2025-12-16,Defective,595.71,Processed
RET_00778,ORD_004336,2025-11-09,Wrong Item,241.49,Processed
RET_00779,ORD_005402,2025-10-23,Wrong Item,138.62,Rejected
RET_00780,ORD_003344,2025-10-25,Defective,445.65,Pending
RET_00781,ORD_006051,2025-12-18,Changed Mind,90.95,Processed
RET_00782,ORD_002203,2025-11-26,Changed Mind,396.78,Processed
RET_00783,ORD_005675,2025-12-29,Changed Mind,741.32,Processed
RET_00784,ORD_001795,2026-01-03,Wrong Item,513.21,Processed
RET_00785,ORD_004715,2025-10-12,Defective,596.08,Processed
RET_00786,ORD_004851,2025-12-25,Defective,322.29,Processed
RET_00787,ORD_006428,2026-01-03,Changed Mind,168.77,Processed
RET_00788,ORD_005238,2025-12-10,Wrong Item,250.26,Pending
RET_00789,ORD_000244,2025-11-08,Defective,360.38,Processed
RET_00790,ORD_001969,2026-01-01,Wrong Item,281.07,Pending
RET_00791,ORD_000401,2026-01-15,Defective,993.9,Processed
RET_00792,ORD_003405,2025-12-11,Changed Mind,481.52,Processed
RET_00793,ORD_000021,2025-11-06,,414.3,Processed
RET_00794,ORD_004192,2025-12-21,Defective,269.98,Processed
RET_00795,ORD_001967,2025-11-30,Size Issue,1029.08,Processed
RET_00796,ORD_004417,2025-12-17,Size Issue,55.31,Processed
RET_00797,ORD_004874,2026-01-11,Quality Issue,225.33,Processed
RET_00798,ORD_002125,2025-12-09,Defective,438.46,Pending
RET_00799,ORD_007315,2025-12-04,Defective,297.54,Processed
RET_00800,ORD_006951,2026-01-18,Defective,379.08,Processed
